,name,price
0,Protective shoes Men's shoes Breathable Wearable Flying Weave safety shoes Anti-smash Puncture resistant Work shoes summer Non-slip sneakers Steel toe shoes,28.00
1,Elastic Shoelace / No Tie Shoelace / Xpand Shoelace / Lazy Shoelace [0.8cm] / Lace AnchorSupport Local,3.50
2,ORIGINALAB Advanced USA Midsole Marker Boost White BundleSupport LocalAny 2 enjoy $1.50 off,17.90
3,ORIGINALAB Red Adjustable Sneaker Freshener Pills Sealed PackagingSupport LocalAny 2 enjoy $1.50 off,7.90
4,Fashion Men Shoes Leather Shoes Men's Flats Shoes Low men Oxford Shoes,19.00
5,ðŸ”¥ Seafeel 1 Pair Men Cotton Summer Elastic Boat Non-Slip Invisible Low Cut No Show SocksAny 5 enjoy 5% off,1.27
6,11 Colors NMD Ultra Boost Japanese Katakana Flat ShoelacesSupport LocalAny 2 enjoy $1.50 off,11.00
7,5 Pairs Men's Socks Winter Thermal Soft Cotton Fitness Sport Sock Bike Ball Game,2.18
8,Size 36 ~ 48 safety shoes Soft bottom Work shoes Breathable Net surface Steel toe shoes Anti-smash Puncture proof Protective shoes,28.70
9,Sport Shoes Sneaker Korean Men Black Flat Shoes Casual Mesh,13.90
10,WZZ  Ex-factory price  Slipper sandals men and women fashion open toe flat shoes flat word beach sandals non-slip soft,5.80
11,Havaianas Unisex Top BlackSupport Local,20.00
12,ORIGINALAB Premium Stackable Front Display Hard Case Shoe Box ClearSupport LocalAny 10 at $139.00,15.00
13,ORIGINALAB Premium Stackable Front Display Hard Case Shoe Box BlackSupport LocalAny 10 at $139.00,15.00
14,5 Pairs Summer Men Ankle Socks Low Cut Crew Casual Sport Cotton Blend Socks SoftAny 3 enjoy $0.50 off,2.39
15,Unisex Cotton Men Socks (Low cut/Quarter Length) Ankle Sock - Black - Grey - WhiteSupport LocalAdd-on Deal,2.20
16,[SG Local Seller]Waterproof/Water-repellent Hydrophobic Nano Shoe / Bags / Clothes Spray - Expiry Mid Dec 2020Add-on Deal,1.99
17,flip flop-Non-slip soft bottom one word procrastinates male couples slippers for men and women beach sandals han edition,15.00
18,"â™¥Ready Stock in SGâ™¥ Nitti Safety Shoes Low-Mid-High, Lace/PullOn/Zipper, Wide Steel Toe Cap, Safety BootsSupport Local",38.90
19,Sports Shoes for Men Breahable Mesh Lightweight Casual Plus Size Running Shoes,15.00
20,Men Thicken Socks Sport Professional Basketball Elite Sock Sport Socks,2.29
21,Crep Protect Dirt & Stain Repel Shoe SpraySupport LocalAny 2 enjoy $1.50 off,27.90
22,10 Pairs Men Bamboo Fiber Short Socks Ultra-thin Elastic Silky Middle StockingsAny 3 enjoy $0.50 off,2.49
23,Ready Stock Men And Women Steel Toe Cap Safety Boots Needleproof Safety Shoes,26.90
24,Nike Benassi  Women's Shoes Black and White Double Straps  Drag Men   Beach Slippers 819717,11.99
25,Puma POPCAT Casual Beach Shoes Black and White Powder Couple Beach Men and Women Slippers 372279/369400,10.88
26,Men Work Safety Shoes Steel Toe Men's Casual Boots Puncture Proof,38.39
27,Havaianas Unisex Top Navy BlueSupport Local,20.00
28,leather shoesâ„¡â˜„Shoe Man Spring Korean edition trend casual leather shoes chefwholesale,18.00
29,Unisex Orthotic Arch Support Shoe Pad Sport Running Gel Insoles Insert Cushion,2.92
30,Men's Fashion Sneakers Breathable Lightweight Running ShoesAdd-on Deal,19.90
31,Ankle Socks 2020 New Personality Trendy Printing Unisex Cotton Cartoon Superhero League Socks,1.99
32,classic Sneakers OLD SKOOL Canvas shoes,20.00
33,Korean version of men's leisure canvas shoes low help summer slide shoes breathable sports shoes fashion student shoes,17.54
34,ðŸ”¥BillyShopðŸ”¥ Keen Uneek Flat-M Couple Fashion Sandals Beach Shoes / Pure Black,58.50
35,Lover Shoes! Simple Comfortable Breathable Men And Women Shoes Running Shoes,17.00
36,Men Women Fashion Silica Gel Insoles Orthotic Sport Running Shoes Insoles,2.79
37,Casual shoes Protective shoes Breathable safety shoes Smash-proof and puncture-proof Steel toe shoes Large mesh Work shoes Wear-resistant and non-slip Construction site shoes,29.00
38,"Unisex Fly Knit Steel Toe, Pierce-proof Safety Shoes (7717)Support Local",32.90
39,35-46Size Couple shoes Summer New Men Sandals Light Outdoor Beach Shoes Boken Sandal Slipper Women Shoe Fashion shoes,16.99
40,"Fashion Men Beach Sandals, Summer Leather Men Sandals",19.37
41,Unisex Boots Faux Suede Leather Spring Autumn Ankle Boot Size 36-46Any 2 enjoy $1.00 off,24.70
42,Big Size 38~48 Leather Men Formal Shoes Weddings Monk Strap Dress KL2694,24.00
43,Havaianas Unisex Top Flip Flops - NavySupport Local,25.00
44,"Timberland 6 In Boot Wp Lt Brn,Fq - WideSupport LocalAny 2 enjoy 11% off",195.30
45,SNEAKERS NK PRIA AIR PRESTO,8.22
46,Italian Luxury Fashion Men Formal Office Shoes Business Soft Comfortable Slip On Breathable,18.40
47,Men's large size steel toe work safety shoes breathable puncture protection shoesAny 2 enjoy $2.00 off,29.80
48,Men's Business Socks Long socks Black and white ash D021Any 6 enjoy 10% off,0.99
49,Ready Stock Size36-47 Couples Fashion Breathable Ultra Light Non-slip Casual Sports Running ShoesAny 2 enjoy $2.00 off,13.99
